type,description
Knapsack,"Select items to maximize value under weight limit. Total capacity is 13. Items: [{'id': 'item0', 'value': 7, 'weight': 2}, {'id': 'item1', 'value': 5, 'weight': 4}, {'id': 'item2', 'value': 3, 'weight': 3}, {'id': 'item3', 'value': 4, 'weight': 2}, {'id': 'item4', 'value': 2, 'weight': 1}]."
Knapsack,"Select items to maximize value under weight limit. Total capacity is 20. Items: [{'id': 'item0', 'value': 8, 'weight': 1}, {'id': 'item1', 'value': 9, 'weight': 2}, {'id': 'item2', 'value': 9, 'weight': 1}, {'id': 'item3', 'value': 1, 'weight': 5}, {'id': 'item4', 'value': 6, 'weight': 3}]."
Knapsack,"Select items to maximize value under weight limit. Total capacity is 19. Items: [{'id': 'item0', 'value': 1, 'weight': 1}, {'id': 'item1', 'value': 8, 'weight': 2}, {'id': 'item2', 'value': 1, 'weight': 4}, {'id': 'item3', 'value': 3, 'weight': 2}, {'id': 'item4', 'value': 3, 'weight': 4}]."
Knapsack,"Select items to maximize value under weight limit. Total capacity is 19. Items: [{'id': 'item0', 'value': 6, 'weight': 1}, {'id': 'item1', 'value': 10, 'weight': 2}, {'id': 'item2', 'value': 10, 'weight': 2}, {'id': 'item3', 'value': 4, 'weight': 5}, {'id': 'item4', 'value': 9, 'weight': 3}]."
Knapsack,"Select items to maximize value under weight limit. Total capacity is 17. Items: [{'id': 'item0', 'value': 9, 'weight': 1}, {'id': 'item1', 'value': 9, 'weight': 5}, {'id': 'item2', 'value': 3, 'weight': 5}, {'id': 'item3', 'value': 3, 'weight': 2}, {'id': 'item4', 'value': 8, 'weight': 4}]."
Knapsack,"Select items to maximize value under weight limit. Total capacity is 14. Items: [{'id': 'item0', 'value': 9, 'weight': 5}, {'id': 'item1', 'value': 6, 'weight': 3}, {'id': 'item2', 'value': 2, 'weight': 4}, {'id': 'item3', 'value': 8, 'weight': 2}, {'id': 'item4', 'value': 10, 'weight': 1}]."
Knapsack,"Select items to maximize value under weight limit. Total capacity is 12. Items: [{'id': 'item0', 'value': 4, 'weight': 3}, {'id': 'item1', 'value': 4, 'weight': 5}, {'id': 'item2', 'value': 9, 'weight': 3}, {'id': 'item3', 'value': 10, 'weight': 4}, {'id': 'item4', 'value': 7, 'weight': 4}]."
Knapsack,"Select items to maximize value under weight limit. Total capacity is 11. Items: [{'id': 'item0', 'value': 10, 'weight': 1}, {'id': 'item1', 'value': 9, 'weight': 5}, {'id': 'item2', 'value': 6, 'weight': 2}, {'id': 'item3', 'value': 10, 'weight': 4}, {'id': 'item4', 'value': 3, 'weight': 5}]."
Knapsack,"Select items to maximize value under weight limit. Total capacity is 16. Items: [{'id': 'item0', 'value': 3, 'weight': 3}, {'id': 'item1', 'value': 3, 'weight': 2}, {'id': 'item2', 'value': 10, 'weight': 4}, {'id': 'item3', 'value': 9, 'weight': 5}, {'id': 'item4', 'value': 4, 'weight': 1}]."
Knapsack,"Select items to maximize value under weight limit. Total capacity is 14. Items: [{'id': 'item0', 'value': 5, 'weight': 5}, {'id': 'item1', 'value': 5, 'weight': 5}, {'id': 'item2', 'value': 4, 'weight': 5}, {'id': 'item3', 'value': 5, 'weight': 5}, {'id': 'item4', 'value': 8, 'weight': 2}]."
Knapsack,"Select items to maximize value under weight limit. Total capacity is 15. Items: [{'id': 'item0', 'value': 9, 'weight': 4}, {'id': 'item1', 'value': 3, 'weight': 3}, {'id': 'item2', 'value': 5, 'weight': 2}, {'id': 'item3', 'value': 7, 'weight': 5}, {'id': 'item4', 'value': 9, 'weight': 1}]."
Knapsack,"Select items to maximize value under weight limit. Total capacity is 15. Items: [{'id': 'item0', 'value': 8, 'weight': 4}, {'id': 'item1', 'value': 7, 'weight': 1}, {'id': 'item2', 'value': 1, 'weight': 5}, {'id': 'item3', 'value': 10, 'weight': 2}, {'id': 'item4', 'value': 2, 'weight': 5}]."
Knapsack,"Select items to maximize value under weight limit. Total capacity is 12. Items: [{'id': 'item0', 'value': 9, 'weight': 5}, {'id': 'item1', 'value': 4, 'weight': 2}, {'id': 'item2', 'value': 8, 'weight': 5}, {'id': 'item3', 'value': 4, 'weight': 4}, {'id': 'item4', 'value': 6, 'weight': 2}]."
Knapsack,"Select items to maximize value under weight limit. Total capacity is 17. Items: [{'id': 'item0', 'value': 9, 'weight': 5}, {'id': 'item1', 'value': 5, 'weight': 2}, {'id': 'item2', 'value': 9, 'weight': 4}, {'id': 'item3', 'value': 3, 'weight': 4}, {'id': 'item4', 'value': 7, 'weight': 4}]."
Knapsack,"Select items to maximize value under weight limit. Total capacity is 20. Items: [{'id': 'item0', 'value': 10, 'weight': 4}, {'id': 'item1', 'value': 4, 'weight': 5}, {'id': 'item2', 'value': 10, 'weight': 1}, {'id': 'item3', 'value': 9, 'weight': 1}, {'id': 'item4', 'value': 8, 'weight': 5}]."
Knapsack,"Select items to maximize value under weight limit. Total capacity is 16. Items: [{'id': 'item0', 'value': 6, 'weight': 3}, {'id': 'item1', 'value': 4, 'weight': 4}, {'id': 'item2', 'value': 1, 'weight': 3}, {'id': 'item3', 'value': 8, 'weight': 1}, {'id': 'item4', 'value': 6, 'weight': 3}]."
Knapsack,"Select items to maximize value under weight limit. Total capacity is 16. Items: [{'id': 'item0', 'value': 3, 'weight': 4}, {'id': 'item1', 'value': 5, 'weight': 3}, {'id': 'item2', 'value': 9, 'weight': 1}, {'id': 'item3', 'value': 3, 'weight': 1}, {'id': 'item4', 'value': 5, 'weight': 5}]."
Knapsack,"Select items to maximize value under weight limit. Total capacity is 12. Items: [{'id': 'item0', 'value': 9, 'weight': 5}, {'id': 'item1', 'value': 2, 'weight': 3}, {'id': 'item2', 'value': 3, 'weight': 4}, {'id': 'item3', 'value': 6, 'weight': 5}, {'id': 'item4', 'value': 1, 'weight': 4}]."
Knapsack,"Select items to maximize value under weight limit. Total capacity is 14. Items: [{'id': 'item0', 'value': 10, 'weight': 2}, {'id': 'item1', 'value': 10, 'weight': 2}, {'id': 'item2', 'value': 7, 'weight': 4}, {'id': 'item3', 'value': 5, 'weight': 5}, {'id': 'item4', 'value': 8, 'weight': 2}]."
Knapsack,"Select items to maximize value under weight limit. Total capacity is 18. Items: [{'id': 'item0', 'value': 10, 'weight': 2}, {'id': 'item1', 'value': 2, 'weight': 3}, {'id': 'item2', 'value': 2, 'weight': 2}, {'id': 'item3', 'value': 3, 'weight': 3}, {'id': 'item4', 'value': 3, 'weight': 4}]."
TSP,"Find shortest route visiting each city once and returning. Cities: ['City0', 'City1', 'City2', 'City3', 'City4']."
TSP,"Find shortest route visiting each city once and returning. Cities: ['City0', 'City1', 'City2', 'City3', 'City4']."
TSP,"Find shortest route visiting each city once and returning. Cities: ['City0', 'City1', 'City2', 'City3', 'City4']."
TSP,"Find shortest route visiting each city once and returning. Cities: ['City0', 'City1', 'City2', 'City3', 'City4']."
TSP,"Find shortest route visiting each city once and returning. Cities: ['City0', 'City1', 'City2', 'City3', 'City4']."
TSP,"Find shortest route visiting each city once and returning. Cities: ['City0', 'City1', 'City2', 'City3', 'City4']."
TSP,"Find shortest route visiting each city once and returning. Cities: ['City0', 'City1', 'City2', 'City3', 'City4']."
TSP,"Find shortest route visiting each city once and returning. Cities: ['City0', 'City1', 'City2', 'City3', 'City4']."
TSP,"Find shortest route visiting each city once and returning. Cities: ['City0', 'City1', 'City2', 'City3', 'City4']."
TSP,"Find shortest route visiting each city once and returning. Cities: ['City0', 'City1', 'City2', 'City3', 'City4']."
TSP,"Find shortest route visiting each city once and returning. Cities: ['City0', 'City1', 'City2', 'City3', 'City4']."
TSP,"Find shortest route visiting each city once and returning. Cities: ['City0', 'City1', 'City2', 'City3', 'City4']."
TSP,"Find shortest route visiting each city once and returning. Cities: ['City0', 'City1', 'City2', 'City3', 'City4']."
TSP,"Find shortest route visiting each city once and returning. Cities: ['City0', 'City1', 'City2', 'City3', 'City4']."
TSP,"Find shortest route visiting each city once and returning. Cities: ['City0', 'City1', 'City2', 'City3', 'City4']."
TSP,"Find shortest route visiting each city once and returning. Cities: ['City0', 'City1', 'City2', 'City3', 'City4']."
TSP,"Find shortest route visiting each city once and returning. Cities: ['City0', 'City1', 'City2', 'City3', 'City4']."
TSP,"Find shortest route visiting each city once and returning. Cities: ['City0', 'City1', 'City2', 'City3', 'City4']."
TSP,"Find shortest route visiting each city once and returning. Cities: ['City0', 'City1', 'City2', 'City3', 'City4']."
TSP,"Find shortest route visiting each city once and returning. Cities: ['City0', 'City1', 'City2', 'City3', 'City4']."
Seating,"Assign seats to individuals to minimize conflicts. Avoid seating [['Person4', 'Person1'], ['Person1', 'Person2']] together."
Seating,"Assign seats to individuals to minimize conflicts. Avoid seating [['Person1', 'Person2'], ['Person0', 'Person3']] together."
Seating,"Assign seats to individuals to minimize conflicts. Avoid seating [['Person0', 'Person4'], ['Person3', 'Person4']] together."
Seating,"Assign seats to individuals to minimize conflicts. Avoid seating [['Person2', 'Person0'], ['Person4', 'Person0']] together."
Seating,"Assign seats to individuals to minimize conflicts. Avoid seating [['Person2', 'Person1'], ['Person4', 'Person1']] together."
Seating,"Assign seats to individuals to minimize conflicts. Avoid seating [['Person0', 'Person3'], ['Person0', 'Person1']] together."
Seating,"Assign seats to individuals to minimize conflicts. Avoid seating [['Person0', 'Person1'], ['Person0', 'Person2']] together."
Seating,"Assign seats to individuals to minimize conflicts. Avoid seating [['Person1', 'Person4'], ['Person3', 'Person1']] together."
Seating,"Assign seats to individuals to minimize conflicts. Avoid seating [['Person1', 'Person0'], ['Person2', 'Person3']] together."
Seating,"Assign seats to individuals to minimize conflicts. Avoid seating [['Person4', 'Person3'], ['Person0', 'Person3']] together."
Seating,"Assign seats to individuals to minimize conflicts. Avoid seating [['Person0', 'Person1'], ['Person2', 'Person0']] together."
Seating,"Assign seats to individuals to minimize conflicts. Avoid seating [['Person0', 'Person1'], ['Person4', 'Person2']] together."
Seating,"Assign seats to individuals to minimize conflicts. Avoid seating [['Person0', 'Person1'], ['Person2', 'Person1']] together."
Seating,"Assign seats to individuals to minimize conflicts. Avoid seating [['Person4', 'Person0'], ['Person2', 'Person0']] together."
Seating,"Assign seats to individuals to minimize conflicts. Avoid seating [['Person4', 'Person3'], ['Person3', 'Person0']] together."
Seating,"Assign seats to individuals to minimize conflicts. Avoid seating [['Person1', 'Person2'], ['Person1', 'Person2']] together."
Seating,"Assign seats to individuals to minimize conflicts. Avoid seating [['Person3', 'Person1'], ['Person0', 'Person2']] together."
Seating,"Assign seats to individuals to minimize conflicts. Avoid seating [['Person2', 'Person3'], ['Person3', 'Person1']] together."
Seating,"Assign seats to individuals to minimize conflicts. Avoid seating [['Person0', 'Person4'], ['Person1', 'Person0']] together."
Seating,"Assign seats to individuals to minimize conflicts. Avoid seating [['Person1', 'Person0'], ['Person3', 'Person0']] together."
Graph Coloring,"Color the nodes of the graph so that no adjacent nodes share the same color. Graph: [('Node0', 'Node1'), ('Node0', 'Node3'), ('Node0', 'Node4'), ('Node1', 'Node2'), ('Node1', 'Node4'), ('Node2', 'Node3')]."
Graph Coloring,"Color the nodes of the graph so that no adjacent nodes share the same color. Graph: [('Node1', 'Node2'), ('Node2', 'Node4'), ('Node3', 'Node4')]."
Graph Coloring,"Color the nodes of the graph so that no adjacent nodes share the same color. Graph: [('Node0', 'Node2'), ('Node1', 'Node4'), ('Node2', 'Node3')]."
Graph Coloring,"Color the nodes of the graph so that no adjacent nodes share the same color. Graph: [('Node2', 'Node3')]."
Graph Coloring,"Color the nodes of the graph so that no adjacent nodes share the same color. Graph: [('Node0', 'Node3'), ('Node2', 'Node3')]."
Graph Coloring,"Color the nodes of the graph so that no adjacent nodes share the same color. Graph: [('Node0', 'Node1'), ('Node0', 'Node3'), ('Node2', 'Node3'), ('Node2', 'Node4')]."
Graph Coloring,"Color the nodes of the graph so that no adjacent nodes share the same color. Graph: [('Node0', 'Node3')]."
Graph Coloring,"Color the nodes of the graph so that no adjacent nodes share the same color. Graph: [('Node0', 'Node1'), ('Node0', 'Node2'), ('Node0', 'Node3'), ('Node1', 'Node3')]."
Graph Coloring,"Color the nodes of the graph so that no adjacent nodes share the same color. Graph: [('Node1', 'Node4')]."
Graph Coloring,"Color the nodes of the graph so that no adjacent nodes share the same color. Graph: [('Node0', 'Node2'), ('Node1', 'Node4'), ('Node2', 'Node3')]."
Graph Coloring,"Color the nodes of the graph so that no adjacent nodes share the same color. Graph: [('Node0', 'Node3'), ('Node1', 'Node2'), ('Node1', 'Node3')]."
Graph Coloring,"Color the nodes of the graph so that no adjacent nodes share the same color. Graph: [('Node0', 'Node1'), ('Node2', 'Node4')]."
Graph Coloring,"Color the nodes of the graph so that no adjacent nodes share the same color. Graph: [('Node2', 'Node3'), ('Node3', 'Node4')]."
Graph Coloring,Color the nodes of the graph so that no adjacent nodes share the same color. Graph: [].
Graph Coloring,"Color the nodes of the graph so that no adjacent nodes share the same color. Graph: [('Node0', 'Node1'), ('Node0', 'Node2'), ('Node2', 'Node4')]."
Graph Coloring,"Color the nodes of the graph so that no adjacent nodes share the same color. Graph: [('Node0', 'Node1'), ('Node0', 'Node2'), ('Node1', 'Node3')]."
Graph Coloring,"Color the nodes of the graph so that no adjacent nodes share the same color. Graph: [('Node1', 'Node3'), ('Node1', 'Node4'), ('Node2', 'Node3'), ('Node3', 'Node4')]."
Graph Coloring,"Color the nodes of the graph so that no adjacent nodes share the same color. Graph: [('Node0', 'Node4'), ('Node1', 'Node2')]."
Graph Coloring,"Color the nodes of the graph so that no adjacent nodes share the same color. Graph: [('Node1', 'Node3')]."
Graph Coloring,"Color the nodes of the graph so that no adjacent nodes share the same color. Graph: [('Node1', 'Node3'), ('Node3', 'Node4')]."
Team Assignment,"Divide individuals into balanced teams by skill level. People: ['Person0', 'Person1', 'Person2', 'Person3', 'Person4', 'Person5'], Skills: [2, 6, 4, 7, 5, 3]."
Team Assignment,"Divide individuals into balanced teams by skill level. People: ['Person0', 'Person1', 'Person2', 'Person3', 'Person4', 'Person5'], Skills: [10, 2, 9, 3, 10, 5]."
Team Assignment,"Divide individuals into balanced teams by skill level. People: ['Person0', 'Person1', 'Person2', 'Person3', 'Person4', 'Person5'], Skills: [8, 7, 5, 1, 2, 7]."
Team Assignment,"Divide individuals into balanced teams by skill level. People: ['Person0', 'Person1', 'Person2', 'Person3', 'Person4', 'Person5'], Skills: [1, 8, 5, 6, 10, 9]."
Team Assignment,"Divide individuals into balanced teams by skill level. People: ['Person0', 'Person1', 'Person2', 'Person3', 'Person4', 'Person5'], Skills: [5, 9, 9, 8, 9, 7]."
Team Assignment,"Divide individuals into balanced teams by skill level. People: ['Person0', 'Person1', 'Person2', 'Person3', 'Person4', 'Person5'], Skills: [3, 8, 5, 4, 9, 3]."
Team Assignment,"Divide individuals into balanced teams by skill level. People: ['Person0', 'Person1', 'Person2', 'Person3', 'Person4', 'Person5'], Skills: [8, 1, 7, 10, 4, 9]."
Team Assignment,"Divide individuals into balanced teams by skill level. People: ['Person0', 'Person1', 'Person2', 'Person3', 'Person4', 'Person5'], Skills: [10, 8, 9, 3, 8, 10]."
Team Assignment,"Divide individuals into balanced teams by skill level. People: ['Person0', 'Person1', 'Person2', 'Person3', 'Person4', 'Person5'], Skills: [10, 3, 5, 2, 1, 7]."
Team Assignment,"Divide individuals into balanced teams by skill level. People: ['Person0', 'Person1', 'Person2', 'Person3', 'Person4', 'Person5'], Skills: [6, 5, 6, 3, 6, 8]."
Team Assignment,"Divide individuals into balanced teams by skill level. People: ['Person0', 'Person1', 'Person2', 'Person3', 'Person4', 'Person5'], Skills: [8, 6, 7, 1, 9, 3]."
Team Assignment,"Divide individuals into balanced teams by skill level. People: ['Person0', 'Person1', 'Person2', 'Person3', 'Person4', 'Person5'], Skills: [7, 7, 4, 1, 5, 2]."
Team Assignment,"Divide individuals into balanced teams by skill level. People: ['Person0', 'Person1', 'Person2', 'Person3', 'Person4', 'Person5'], Skills: [8, 10, 10, 8, 9, 4]."
Team Assignment,"Divide individuals into balanced teams by skill level. People: ['Person0', 'Person1', 'Person2', 'Person3', 'Person4', 'Person5'], Skills: [6, 8, 10, 6, 10, 2]."
Team Assignment,"Divide individuals into balanced teams by skill level. People: ['Person0', 'Person1', 'Person2', 'Person3', 'Person4', 'Person5'], Skills: [6, 1, 4, 5, 7, 1]."
Team Assignment,"Divide individuals into balanced teams by skill level. People: ['Person0', 'Person1', 'Person2', 'Person3', 'Person4', 'Person5'], Skills: [10, 2, 7, 7, 3, 5]."
Team Assignment,"Divide individuals into balanced teams by skill level. People: ['Person0', 'Person1', 'Person2', 'Person3', 'Person4', 'Person5'], Skills: [6, 10, 3, 10, 5, 6]."
Team Assignment,"Divide individuals into balanced teams by skill level. People: ['Person0', 'Person1', 'Person2', 'Person3', 'Person4', 'Person5'], Skills: [6, 5, 7, 1, 4, 5]."
Team Assignment,"Divide individuals into balanced teams by skill level. People: ['Person0', 'Person1', 'Person2', 'Person3', 'Person4', 'Person5'], Skills: [5, 3, 6, 9, 2, 1]."
Team Assignment,"Divide individuals into balanced teams by skill level. People: ['Person0', 'Person1', 'Person2', 'Person3', 'Person4', 'Person5'], Skills: [2, 7, 5, 6, 8, 5]."
